Mr.,Vansh,Raghav,Sharma,7896325410,159236745896,,Student,789002000,vansh@gmail.com
Select,Lucky,,,7896325410,159236745896,,Self Employed,789002000,bb@gmail.com
Ms.,Harika,,Mani,7896325410,159236745896,,Self Employed,7890020000,nk@gmail.com
Select,Anu,,manas,7896325410,159236745896,,Self Employed,9633,bb@gmail.com
Select,Anu,,manas,7896325410,159236745896,,Self Employed,3698521470,bb@gmail.com
Select,Harika,,Sharma,7896325410,159236745896,,Student,3698521470,nk@gmail.com
Ms.,keerthi,,k,5657423416,123456789123,,Self Employed,9704966689,k@gmail.com
Ms.,keerthi,,k,5657423416,123456789123,,Self Employed,9704966689,k@gmail.com
Ms.,neha,,k,5657423416,123456789123,,Salaried,9704966689,k@gmail.com
Select,,,,,,,Select,,
Select,,,,,,,Select,,
Select,,,,,,,Select,,
Select,,,,,,,Select,,
Select,,,,,,,Select,,
Select,,,,,,,Select,,
Select,,,,,,,Select,,
Select,,,,,,,Select,,
Select,,,,9876543,,,Select,,
Select,,,,,,,Select,,
Select,,,,,,,Select,,
Select,,,,,,,Select,,
Select,,,,,,,Select,,
Select,,,,,,,Select,,
Select,,,,,,,Select,,
Select,,,,,,,Select,,
Select,,,,,,,Select,,
Select,,,,,,,Select,,
Select,,,,,,,Select,,
Select,,,,,,,Select,,
Select,,,,,,,Select,,
Select,,,,,,,Select,,
Select,,,,,,,Select,,
Select,,,,,,,Select,,
Select,,,,,,,Select,,
Select,,,,,,,Select,,
Select,,,,,,,Select,,
Select,,,,,,,Select,,
Select,,,,,,,Select,,
Select,,,,,,,Select,,
Select,,,,,,,Select,,
Select,,,,,,,Select,,
Select,,,,,,,Select,,
Select,,,,,,,Select,,
Select,,,,,,,Select,,
Select,,,,,,,Select,,
Select,,,,,,,Select,,
Select,,,,,,,Select,,
Select,,,,,,,Select,,
Select,,,,,,,Select,,
Select,,,,,,,Select,,
Select,,,,,,,Select,,
Select,,,,,,,Select,,
