Mr.,Vansh,Raghav,Sharma,7896325410,1.59237E+11,,Student,789002000,vansh@gmail.com
Select,,,,,,,Select,,
Mr.,Avi,,Sharma,789456123,7894561237894,,Salaried,9638527410,avi@gmail.com
Mr.,Avi,,Sharma,7894561230,789456123789,,Salaried,9638527410,avi@gmail.com
Mr.,Avi,,Sharma,1111111111,111111111111,,Self Employed,9638527410,avi@gmail.com
Select,Avi,,Sharma,7894561230,78945612378,,Salaried,9638527410,avi@gmail.com
Select,Avi,,Sharma,7894561230,789456123785,,Salaried,9638527410,avi@gmail.com
Select,c,,c,7894561230,7894561237894,,Salaried,9638527410,avi@gmail.com
Select,Avi,,Sharma,7894561230,78945612378,,Salaried,9638527410,avi@gmail.com
Select,Avi,,Sharma,7894561230,78945612378,,Salaried,9638527410,avi@gmail.com
Select,Avi,,c,7894561230,789456123789,,Salaried,9638527410,avi@gmail.com
Select,Avi,,c,7894561230,789456123789,,Salaried,9638527410,avi@gmail.com
Select,Avi,,c,7894561230,789456123789,,Salaried,9638527410,avi@gmail.com
Select,Avi,,c,7894561230,78945612378,,Salaried,9638527410,avi@gmail.com
Ms.,Keerthi,,K,KMMAPPSN76,76554323216576,,Salaried,9652187879,keerthi@gmail.com
Ms.,Keerthi,,K,KMMAPPSN76,7655432321657,,Salaried,9652187879,keerthi@gmail.com
Ms.,Keerthi,,K,KMMAPPSN76,765543232165,,Salaried,9652187879,keerthi@gmail.com
Ms.,Meghana,,K,KMNSPP1234,765543232165,,Salaried,9652187879,keerthi@gmail.com
Ms.,Meghana,,K,KMMAPPSN78,765543232165,,Salaried,9652187879,keerthi@gmail.com
Ms.,Meghana,,K,KMMAPPSN78,765543232165,,Salaried,9652187879,keerthi@gmail.com
